{"cameraMode":{"drawMode":0,"name":"Shaded","section":"Shading Mode"},"sceneLighting":false,"audioPlay":false,"sceneViewState":{"m_AlwaysRefresh":false,"showFog":true,"showSkybox":false,"showFlares":true,"showImageEffects":true,"showParticleSystems":true,"showVisualEffectGraphs":true,"m_FxEnabled":true},"in2DMode":false,"pivot":{"x":2.2519073486328127,"y":-0.07674029469490051,"z":0.013309781439602375},"rotation":{"x":-0.3173762857913971,"y":-0.38664212822914126,"z":0.1437402367591858,"w":-0.8540880084037781},"size":0.8660253882408142,"orthographic":false}